Chromosome	Start_Position	End_Position	nMuts	Avg_intermutation_dist	Size	Tumor_Sample_Barcode	C>G	C>T
8	98129348	98133560	7	702	4212	TCGA-A8-A08B	4	3
8	98398549	98403536	9	623.375	4987	TCGA-A8-A08B	1	8
8	98453076	98456466	9	423.75	3390	TCGA-A8-A08B	1	8
8	124090377	124096810	22	306.333333333333	6433	TCGA-A8-A08B	1	21
12	97436055	97439705	7	608.333333333333	3650	TCGA-A8-A08B	4	3
17	29332072	29336153	8	583	4081	TCGA-A8-A08B	4	4
